Country,Year,Criminal_justice,GDP_per_capita,Political_stability,Population,Refugee_population,Unemployment_rate
Albania,2010,42.6540298461914,4094.34968570481,38.3886260986328,2913021.0,75.0,14.086
Albania,2011,41.3145523071289,4437.14116097061,37.4407577514648,2905195.0,79.0,13.481
Albania,2012,39.9061050415039,4247.63134315945,40.2843589782715,2900401.0,84.0,13.376
Albania,2013,38.9671363830566,4413.06338346821,49.2891006469727,2895092.0,96.0,15.866
Albania,2014,44.230770111084,4578.63320812155,61.4285697937012,2889104.0,111.0,18.055
Albania,2015,44.2857131958008,3952.80357364813,58.0952377319336,2880703.0,109.0,17.193
Albania,2016,41.9047622680664,4124.05538986272,57.6190490722656,2876101.0,141.0,15.418
Albania,2017,38.5714302062988,4531.03220675893,59.523811340332,2873457.0,124.0,13.616
Albania,2018,37.1428565979004,5287.66080067575,58.4905662536621,2866376.0,132.0,12.304
Albania,2019,38.0952377319336,5396.2142432843,51.886791229248,2854191.0,120.0,11.466
Albania,2020,40.0,5343.0377039956,50.0,2837849.0,105.0,
Albania,2021,42.8571434020996,6377.20309553753,52.3584899902344,2811666.0,109.0,
Albania,2022,47.1698112487793,6810.11404104233,49.5283012390137,2777689.0,2676.0,
Andorra,2010,86.7298583984375,48237.8911738235,93.8388595581055,71519.0,,
Andorra,2011,89.2018814086914,51428.1969515188,95.7345962524414,70567.0,,
Andorra,2012,89.2018814086914,44902.3807663645,94.7867279052734,71013.0,,
Andorra,2013,88.7323913574219,44747.7538641695,93.8388595581055,71367.0,,
Andorra,2014,90.3846130371094,45680.5349920165,96.6666641235352,71621.0,,
Andorra,2015,90.0,38885.5303222983,97.6190490722656,71746.0,,
Andorra,2016,90.9523773193359,39931.2169800216,97.1428604125977,72540.0,,
Andorra,2017,90.476188659668,40632.2315521995,97.1428604125977,73837.0,,
Andorra,2018,90.9523773193359,42904.8284559223,97.1698150634766,75013.0,,
Andorra,2019,90.9523773193359,41328.6004978373,98.5849075317383,76343.0,,
Andorra,2020,92.8571395874023,37207.2219994994,99.0566024780273,77700.0,,
Andorra,2021,93.3333358764648,42066.4905178822,98.5849075317383,79034.0,,
Andorra,2022,90.5660400390625,42350.6970690874,98.5849075317383,79824.0,,
Armenia,2010,37.9146919250488,3143.0294799683,49.7630348205566,2946293.0,3292.0,19.523
Armenia,2011,41.7840385437012,3462.68177840431,44.0758285522461,2928976.0,2913.0,18.884
Armenia,2012,42.2535209655762,3643.71540108565,51.1848335266113,2914421.0,2849.0,17.511
Armenia,2013,45.0704231262207,3833.15707396348,50.2369651794434,2901385.0,13727.0,16.576
Armenia,2014,38.461540222168,4017.22991449473,35.7142868041992,2889930.0,17635.0,17.499
Armenia,2015,38.5714302062988,3666.14182210905,37.1428565979004,2878595.0,19314.0,18.261
Armenia,2016,49.0476188659668,3679.95234740376,22.380952835083,2865835.0,17883.0,17.617
Armenia,2017,46.1904754638672,4041.99507105058,25.238094329834,2851923.0,17968.0,17.705
Armenia,2018,48.0952377319336,4391.92326991474,29.7169818878174,2836557.0,17966.0,10.589
Armenia,2019,48.5714302062988,4828.50488626598,30.1886787414551,2820602.0,17980.0,9.794
Armenia,2020,49.523811340332,4505.86774175695,20.2830181121826,2805608.0,107910.0,8.055
Armenia,2021,48.0952377319336,4972.78320361917,18.8679237365723,2790974.0,34728.0,8.418
Armenia,2022,46.2264137268066,7018.05150434798,19.3396224975586,2780469.0,34634.0,
Austria,2010,96.6824645996094,46903.7615854343,89.0995254516602,8363404.0,42613.0,4.883
Austria,2011,96.7136154174805,51442.2762464407,91.4691925048828,8391643.0,47055.0,4.637
Austria,2012,97.6525802612305,48564.9173350875,96.2085342407227,8429991.0,51707.0,4.909
Austria,2013,97.6525802612305,50731.1272541847,96.2085342407227,8479823.0,55575.0,5.367
Austria,2014,96.6346130371094,51786.3771747905,95.2380981445312,8546356.0,60724.0,5.674
Austria,2015,96.1904754638672,44195.8175947748,90.0,8642699.0,72198.0,5.802
Austria,2016,95.7142868041992,45307.5878620429,77.1428604125977,8736668.0,93242.0,6.064
Austria,2017,97.1428604125977,47429.1584564387,85.2380981445312,8797566.0,115252.0,5.561
Austria,2018,98.5714263916016,51466.5565633634,77.3584899902344,8840521.0,128779.0,4.933
Austria,2019,98.5714263916016,50067.5857265892,77.3584899902344,8879920.0,135951.0,4.56
Austria,2020,97.1428604125977,48789.4978498872,76.8867950439453,8916864.0,141816.0,5.201
Austria,2021,97.1428604125977,53517.8904509612,79.2452850341797,8955797.0,152514.0,6.459
Austria,2022,95.7547149658203,52084.6811953372,68.3962249755859,9041851.0,258613.0,4.992
Azerbaijan,2010,21.3270149230957,5843.5337683582,36.4928894042969,9054332.0,1894.0,5.63
Azerbaijan,2011,17.8403759002686,7189.81869211976,29.8578205108643,9173082.0,1727.0,5.42
Azerbaijan,2012,21.5962448120117,7495.86527658099,23.222749710083,9295784.0,1467.0,5.19
Azerbaijan,2013,26.2910804748535,7875.34536661549,33.6492881774902,9416801.0,1377.0,4.97
Azerbaijan,2014,28.365385055542,7890.84028062087,26.1904754638672,9535079.0,1298.0,4.91
Azerbaijan,2015,28.0952377319336,5500.50364628486,21.9047622680664,9649341.0,1279.0,4.96
Azerbaijan,2016,31.9047622680664,3880.6852276838,18.0952377319336,9757812.0,1193.0,5.0
Azerbaijan,2017,30.4761905670166,4147.1981423222,19.5238094329834,9854033.0,1120.0,5.0
Azerbaijan,2018,28.5714282989502,4739.7943123408,20.7547168731689,9939771.0,1130.0,4.9
Azerbaijan,2019,28.0952377319336,4805.75371765917,22.6415100097656,10024283.0,1109.0,5.0
Azerbaijan,2020,24.2857151031494,4229.91064904503,17.4528293609619,10093121.0,1572.0,7.24
Azerbaijan,2021,29.5238094329834,5408.04535175023,18.3962268829346,10137750.0,1676.0,6.04
Azerbaijan,2022,27.3584899902344,7770.594223351,16.0377349853516,10141756.0,6414.0,5.65
Belgium,2010,90.0473937988281,44184.946353964,74.407585144043,10895586.0,17891.0,8.293
Belgium,2011,90.1408462524414,47410.5669277464,78.1990509033203,11038264.0,22396.0,7.14
Belgium,2012,90.1408462524414,44670.5606845101,76.3033142089844,11106932.0,22023.0,7.542
Belgium,2013,90.1408462524414,46757.9518559598,77.7251205444336,11159407.0,25617.0,8.425
Belgium,2014,88.9423065185547,47764.0715120833,69.523811340332,11209057.0,29170.0,8.523
Belgium,2015,88.0952377319336,41008.296719472,64.2857131958008,11274196.0,35302.0,8.482
Belgium,2016,88.5714263916016,42012.6227191016,61.4285697937012,11331422.0,42158.0,7.83
Belgium,2017,87.6190490722656,44198.4823908691,62.3809509277344,11375158.0,42158.0,7.09
Belgium,2018,87.6190490722656,47544.9811472757,59.4339637756348,11427054.0,42158.0,5.941
Belgium,2019,87.6190490722656,46641.7214017087,60.8490562438965,11488980.0,61662.0,5.364
Belgium,2020,87.6190490722656,45587.968308319,64.1509399414062,11538604.0,64973.0,5.545
Belgium,2021,87.6190490722656,51863.8311565054,67.4528274536133,11586195.0,74063.0,6.248
Belgium,2022,88.2075500488281,49942.0906424887,66.5094375610352,11685814.0,150713.0,5.57
Bosnia and Herzegovina,2010,44.0758285522461,4506.93235205533,24.6445503234863,3811088.0,7014.0,27.312
Bosnia and Herzegovina,2011,45.0704231262207,4980.90468838995,20.3791465759277,3743142.0,6932.0,27.582
Bosnia and Herzegovina,2012,49.7652587890625,4688.34582317708,28.4360198974609,3674374.0,6904.0,28.01
Bosnia and Herzegovina,2013,51.6431922912598,5025.24175294061,34.1232223510742,3617559.0,6924.0,27.49
Bosnia and Herzegovina,2014,51.9230766296387,5196.97008415107,44.761905670166,3571068.0,6883.0,27.517
Bosnia and Herzegovina,2015,45.7142868041992,4654.60862038896,31.9047622680664,3524324.0,6789.0,27.695
Bosnia and Herzegovina,2016,47.1428565979004,4917.26376596306,30.9523811340332,3480986.0,5266.0,25.408
Bosnia and Herzegovina,2017,46.6666679382324,5327.39230422044,32.3809509277344,3440027.0,5224.0,20.527
Bosnia and Herzegovina,2018,45.238094329834,6024.49314979655,31.6037731170654,3400129.0,5227.0,18.4
Bosnia and Herzegovina,2019,46.1904754638672,6094.72482322311,29.2452831268311,3360711.0,5241.0,15.692
Bosnia and Herzegovina,2020,42.3809509277344,6095.10423658487,30.6603775024414,3318407.0,5232.0,15.868
Bosnia and Herzegovina,2021,41.4285697937012,7237.27446250665,30.6603775024414,3270943.0,240.0,14.897
Bosnia and Herzegovina,2022,41.5094337463379,7587.58817346075,27.8301887512207,3233526.0,274.0,12.657
Bulgaria,2010,51.6587677001953,6863.66706774052,57.8199043273926,7395599.0,5519.0,10.279
Bulgaria,2011,51.1737098693848,7857.16706984441,55.9241714477539,7348328.0,5676.0,11.26
Bulgaria,2012,51.6431922912598,7430.7373804242,58.7677726745605,7305888.0,2273.0,12.27
Bulgaria,2013,50.7042236328125,7687.71368243317,53.0805702209473,7265115.0,4305.0,12.941
Bulgaria,2014,54.3269233703613,7912.27484371138,49.523811340332,7223938.0,11026.0,11.424
Bulgaria,2015,51.4285697937012,7078.86032298969,46.6666679382324,7177991.0,16543.0,9.143
Bulgaria,2016,49.523811340332,7570.93165511708,49.0476188659668,7127822.0,17794.0,7.575
Bulgaria,2017,50.9523811340332,8381.88134621669,59.0476188659668,7075947.0,19166.0,6.164
Bulgaria,2018,50.9523811340332,9447.65589681469,61.7924537658691,7025037.0,19906.0,5.211
Bulgaria,2019,52.3809509277344,9874.33632625168,66.0377349853516,6975761.0,20438.0,4.23
Bulgaria,2020,49.0476188659668,10148.3423954435,58.4905662536621,6934015.0,21113.0,5.125
Bulgaria,2021,52.3809509277344,12219.3418706779,58.0188674926758,6877743.0,22830.0,5.267
Bulgaria,2022,50.0,13974.4492487792,54.7169799804688,6465097.0,176297.0,4.268
Croatia,2010,56.8720397949219,13697.4521970764,66.8246459960938,4295427.0,933.0,11.62
Croatia,2011,58.2159614562988,14664.3690796915,68.2464447021484,4280622.0,818.0,13.678
Croatia,2012,59.1549301147461,13452.9759027717,65.4028472900391,4267558.0,722.0,15.935
Croatia,2013,58.2159614562988,14002.2381023542,66.3507080078125,4255689.0,679.0,17.251
Croatia,2014,63.461540222168,14035.8597369389,67.1428604125977,4238389.0,724.0,17.29
Croatia,2015,60.476188659668,12135.1036186683,64.7619018554688,4203604.0,517.0,16.175
Croatia,2016,62.3809509277344,12634.3195701712,67.6190490722656,4174349.0,300.0,13.103
Croatia,2017,61.9047622680664,13655.4798216229,70.476188659668,4124531.0,508.0,11.208
Croatia,2018,61.9047622680664,15132.9554012394,71.698112487793,4087843.0,787.0,8.432
Croatia,2019,61.9047622680664,15218.5258037621,70.2830200195312,4065253.0,916.0,6.617
Croatia,2020,59.523811340332,14383.8695000306,66.5094375610352,4047680.0,956.0,7.507
Croatia,2021,58.5714302062988,17943.415126673,66.0377349853516,3878981.0,1020.0,7.608
Croatia,2022,60.8490562438965,18673.1779905036,69.3396224975586,3855641.0,20638.0,6.96
Cyprus,2010,87.2037887573242,31105.02734375,61.6113739013672,1129686.0,3397.0,6.36
Cyprus,2011,83.0985946655273,32485.802734375,66.8246459960938,1145086.0,3498.0,7.942
Cyprus,2012,84.0375595092773,28991.9296875,66.8246459960938,1156556.0,3627.0,12.097
Cyprus,2013,82.6291046142578,27797.453125,64.9289093017578,1166968.0,3879.0,16.131
Cyprus,2014,82.6923065185547,27244.34375,63.8095245361328,1176995.0,5120.0,16.277
Cyprus,2015,80.9523773193359,23487.21875,62.3809509277344,1187280.0,7062.0,15.026
Cyprus,2016,74.7619018554688,24715.142578125,65.2380981445312,1197881.0,8478.0,13.006
Cyprus,2017,78.0952377319336,26697.005859375,64.7619018554688,1208523.0,9790.0,11.155
Cyprus,2018,75.2380981445312,29419.88671875,63.2075462341309,1218831.0,11002.0,8.504
Cyprus,2019,75.2380981445312,29419.9921875,64.1509399414062,1228836.0,12311.0,7.155
Cyprus,2020,68.0952377319336,28281.412109375,56.6037750244141,1237537.0,13997.0,7.755
Cyprus,2021,70.9523773193359,32745.83984375,58.9622650146484,1244188.0,16277.0,7.513
Cyprus,2022,68.8679275512695,32048.248046875,58.4905662536621,1251488.0,29280.0,6.807
Czechia,2010,79.620849609375,19960.0684872157,82.9383850097656,10474410.0,2424.0,7.281
Czechia,2011,81.2206573486328,21871.2660754128,88.6255950927734,10496088.0,2424.0,6.712
Czechia,2012,81.2206573486328,19870.8012123403,86.7298583984375,10510785.0,2780.0,6.979
Czechia,2013,81.6901397705078,20133.1691431353,87.6777267456055,10514272.0,2966.0,6.953
Czechia,2014,84.6153869628906,19890.9199056648,83.3333358764648,10525347.0,3129.0,6.108
Czechia,2015,83.3333358764648,17829.6983223668,81.9047622680664,10546059.0,3640.0,5.048
Czechia,2016,81.4285736083984,18575.2320271915,80.9523773193359,10566332.0,3640.0,3.952
Czechia,2017,82.8571395874023,20636.199952435,83.3333358764648,10594438.0,3640.0,2.893
Czechia,2018,81.4285736083984,23424.4804601855,86.7924499511719,10629928.0,2186.0,2.246
Czechia,2019,81.9047622680664,23664.8478631108,80.1886825561523,10671870.0,2054.0,2.015
Czechia,2020,82.8571395874023,22992.8793833348,77.8301849365234,10697858.0,1919.0,2.551
Czechia,2021,83.3333358764648,26822.5141862111,81.6037750244141,10505772.0,1909.0,2.803
Czechia,2022,83.4905624389648,27226.6156386023,75.0,10672118.0,435212.0,2.224
Denmark,2010,99.052131652832,58041.3984363385,86.2559204101562,5547683.0,17907.0,7.747
Denmark,2011,99.530517578125,61753.647131977,87.2037887573242,5570572.0,13386.0,7.769
Denmark,2012,98.1220626831055,58507.5080517852,75.8293838500977,5591572.0,11797.0,7.798
Denmark,2013,98.591552734375,61191.1937042028,80.0947875976562,5614932.0,13153.0,7.384
Denmark,2014,99.5192337036133,62548.9847332908,78.5714263916016,5643475.0,17767.0,6.925
Denmark,2015,99.523811340332,53254.8563700916,76.6666641235352,5683483.0,27312.0,6.278
Denmark,2016,97.6190490722656,54663.9983719195,75.2380981445312,5728010.0,33501.0,5.989
Denmark,2017,97.6190490722656,57610.0981801135,75.2380981445312,5764980.0,35668.0,5.833
Denmark,2018,96.6666641235352,61591.9288698958,80.1886825561523,5793636.0,36623.0,5.131
Denmark,2019,97.1428604125977,59592.9806886454,81.1320724487305,5814422.0,37533.0,5.018
Denmark,2020,98.0952377319336,60836.5924121638,78.301887512207,5831404.0,36643.0,5.637
Denmark,2021,99.0476226806641,69268.6517983134,80.1886825561523,5856733.0,36023.0,5.043
Denmark,2022,99.5283050537109,67790.0539923276,76.8867950439453,5903037.0,67772.0,4.434
Estonia,2010,85.3080596923828,14663.0446126465,67.7725143432617,1331475.0,31.0,16.707
Estonia,2011,85.9154891967773,17487.8047830922,67.2985763549805,1327439.0,34.0,12.328
Estonia,2012,85.9154891967773,17403.2053254767,67.2985763549805,1322696.0,48.0,10.021
Estonia,2013,86.3849792480469,19056.0019226989,68.2464447021484,1317997.0,52.0,8.631
Estonia,2014,87.0192337036133,20261.0667303886,72.8571395874023,1314545.0,82.0,7.352
Estonia,2015,87.1428604125977,17402.0376128079,65.2380981445312,1315407.0,158.0,6.412
Estonia,2016,85.7142868041992,18295.3429322114,68.0952377319336,1315790.0,312.0,6.882
Estonia,2017,85.7142868041992,20437.765376736,68.5714263916016,1317384.0,405.0,5.807
Estonia,2018,85.7142868041992,23165.8494786437,65.0943374633789,1321977.0,319.0,5.412
Estonia,2019,86.1904754638672,23581.656836882,67.4528274536133,1326898.0,331.0,4.514
Estonia,2020,88.0952377319336,23565.1759437969,70.7547149658203,1329522.0,277.0,6.956
Estonia,2021,88.5714263916016,27698.4793450267,70.7547149658203,1330932.0,321.0,6.178
Estonia,2022,89.6226425170898,28114.1431760201,71.2264175415039,1348840.0,40806.0,5.571
Finland,2010,100.0,46505.3031791811,97.1563949584961,5363352.0,8721.0,8.394
Finland,2011,100.0,51148.9316365833,98.1042633056641,5388272.0,9170.0,7.781
Finland,2012,99.530517578125,47708.0612784469,98.1042633056641,5413971.0,9910.0,7.689
Finland,2013,99.530517578125,49892.2233632732,97.1563949584961,5438972.0,11242.0,8.193
Finland,2014,100.0,50327.2402902632,96.1904754638672,5461512.0,11783.0,8.663
Finland,2015,100.0,42801.9081167285,85.7142868041992,5479531.0,12692.0,9.376
Finland,2016,100.0,43814.0265056965,84.7619018554688,5495303.0,18402.0,8.818
Finland,2017,100.0,46412.1364777169,86.6666641235352,5508214.0,20793.0,8.64
Finland,2018,100.0,49987.6261584968,77.8301849365234,5515525.0,22287.0,7.361
Finland,2019,100.0,48629.8582283032,75.9433975219727,5521606.0,23458.0,6.695
Finland,2020,100.0,49169.7193388499,80.6603775024414,5529543.0,23428.0,7.759
Finland,2021,100.0,53504.6936483441,83.4905624389648,5541017.0,24078.0,7.617
Finland,2022,100.0,50734.7107480889,78.7735824584961,5556106.0,69553.0,6.719
France,2010,90.5213241577148,40676.0647913181,68.7203826904297,65030575.0,200687.0,9.279
France,2011,89.6713638305664,43846.4660764798,65.4028472900391,65345233.0,210207.0,9.228
France,2012,89.6713638305664,40870.8523645734,63.5071105957031,65662240.0,217865.0,9.841
France,2013,89.2018814086914,42602.7179652667,62.0853080749512,66002289.0,232487.0,9.913
France,2014,88.461540222168,43068.5487241739,58.0952377319336,66312067.0,252248.0,10.273
France,2015,87.6190490722656,36652.9223052178,51.4285697937012,66548272.0,273117.0,10.354
France,2016,87.6190490722656,37062.5335723829,42.8571434020996,66724104.0,304527.0,10.057
France,2017,88.5714263916016,38781.0494870836,56.1904754638672,66918020.0,337158.0,9.41
France,2018,88.0952377319336,41557.8548588876,48.113208770752,67158348.0,368345.0,9.018
France,2019,88.5714263916016,40494.8982936276,57.0754699707031,67388001.0,407915.0,8.415
France,2020,87.1428604125977,39179.7442596057,56.1320762634277,67571107.0,436055.0,8.01
France,2021,87.1428604125977,43671.3084099631,56.6037750244141,67764304.0,499914.0,7.874
France,2022,85.3773574829102,40886.2532680273,57.0754699707031,67971311.0,612934.0,7.308
Georgia,2010,48.8151664733887,3281.72930937343,24.1706161499023,3786695.0,638.0,20.203
Georgia,2011,51.6431922912598,4119.66818307193,27.014217376709,3756441.0,461.0,19.632
Georgia,2012,55.3990592956543,4530.69533409431,24.1706161499023,3728874.0,468.0,19.653
Georgia,2013,54.9295768737793,4712.00229382665,31.2796211242676,3717668.0,847.0,19.416
Georgia,2014,63.9423065185547,4830.33486170249,34.761905670166,3719414.0,858.0,17.439
Georgia,2015,61.9047622680664,4086.6223465965,29.5238094329834,3725276.0,1973.0,16.506
Georgia,2016,61.9047622680664,4143.40125686315,33.8095245361328,3727505.0,2122.0,16.604
Georgia,2017,60.0,4418.75206546679,31.4285717010498,3728004.0,2089.0,13.939
Georgia,2018,60.9523811340332,4804.0546040444,30.1886787414551,3726549.0,1987.0,12.667
Georgia,2019,59.523811340332,4741.2832715876,27.3584899902344,3720161.0,1355.0,11.565
Georgia,2020,58.5714302062988,4300.85701291207,32.5471687316895,3722716.0,1780.0,11.734
Georgia,2021,55.7142868041992,5083.60695484577,30.1886787414551,3708610.0,1818.0,
Georgia,2022,56.6037750244141,6729.84659930283,30.1886787414551,3712502.0,27839.0,
Germany,2010,92.890998840332,41572.4559481507,73.459716796875,81776930.0,594250.0,7.043
Germany,2011,92.0187759399414,46705.8957963353,71.5639801025391,80274983.0,571672.0,5.967
Germany,2012,92.0187759399414,43855.8544658618,71.0900497436523,80425823.0,589735.0,5.372
Germany,2013,92.0187759399414,46298.9229177341,76.3033142089844,80645605.0,187545.0,5.316
Germany,2014,93.75,48023.8699845462,78.0952377319336,80982500.0,216956.0,4.98
Germany,2015,93.3333358764648,41103.2564363768,68.0952377319336,81686611.0,316098.0,4.612
Germany,2016,91.9047622680664,42136.1207907991,68.5714263916016,82348669.0,669468.0,4.104
Germany,2017,91.4285736083984,44652.5891722719,65.2380981445312,82657002.0,970357.0,3.781
Germany,2018,91.4285736083984,47939.2782884504,64.6226425170898,82905782.0,1063835.0,3.384
Germany,2019,92.3809509277344,46805.1384334439,65.0943374633789,83092962.0,1146682.0,3.163
Germany,2020,90.9523773193359,46749.4762280016,67.9245300292969,83160871.0,1210596.0,3.881
Germany,2021,91.4285736083984,51426.7503654421,69.8113174438477,83196078.0,1255694.0,3.594
Germany,2022,91.9811325073242,48717.9911402128,66.9811325073242,83797985.0,2075445.0,3.12
Greece,2010,66.8246459960938,26716.6488260274,40.7582931518555,11121341.0,1443.0,12.719
Greece,2011,65.7276992797852,25483.8825644931,41.7061614990234,11104899.0,1566.0,17.973
Greece,2012,63.8497657775879,21912.9982879517,39.3364944458008,11045011.0,2090.0,24.731
Greece,2013,64.7887344360352,21787.7877636035,40.2843589782715,10965211.0,3468.0,27.686
Greece,2014,66.3461532592773,21616.7100094908,40.476188659668,10892413.0,10292.0,26.708
Greece,2015,62.8571434020996,18083.8779056547,38.0952377319336,10820883.0,24831.0,24.981
Greece,2016,57.6190490722656,17923.9668134716,41.4285697937012,10775971.0,46411.0,23.514
Greece,2017,55.7142868041992,18582.0893411631,41.4285697937012,10754679.0,38988.0,21.414
Greece,2018,57.1428565979004,19756.990456255,53.301887512207,10732882.0,61446.0,19.179
Greece,2019,57.6190490722656,19143.8876174584,54.2452812194824,10721582.0,80454.0,17.045
Greece,2020,60.0,17617.2915057014,51.4150924682617,10698599.0,103101.0,15.899
Greece,2021,60.476188659668,20310.6824798873,50.9433975219727,10569207.0,119650.0,14.657
Greece,2022,59.4339637756348,20867.2690861087,50.0,10426919.0,160761.0,12.426
Hungary,2010,72.0379180908203,13217.5045951108,69.1943130493164,10000023.0,5400.0,11.172
Hungary,2011,71.8309860229492,14234.471576937,70.1421813964844,9971727.0,5085.0,11.029
Hungary,2012,68.0751190185547,12984.8365730133,68.7203826904297,9920362.0,4034.0,11.003
Hungary,2013,67.6056365966797,13715.0703590361,70.6161117553711,9893082.0,2422.0,10.177
Hungary,2014,70.6730804443359,14294.2584180751,68.5714263916016,9866468.0,2854.0,7.725
Hungary,2015,64.7619018554688,12717.038597002,69.523811340332,9843028.0,4383.0,6.813
Hungary,2016,65.2380981445312,13104.6995457458,66.1904754638672,9814023.0,4736.0,5.115
Hungary,2017,69.523811340332,14621.2395956755,74.2857131958008,9787966.0,5671.0,4.156
Hungary,2018,70.476188659668,16425.2050299693,70.7547149658203,9775564.0,6019.0,3.709
Hungary,2019,68.5714263916016,16786.2136399075,71.698112487793,9771141.0,5750.0,3.419
Hungary,2020,66.1904754638672,16131.9540355923,74.0566024780273,9750149.0,5838.0,4.25
Hungary,2021,67.6190490722656,18755.1023464312,73.1132049560547,9709891.0,5676.0,4.045
Hungary,2022,63.2075462341309,18355.8278072065,69.8113174438477,9643048.0,35370.0,3.609
Iceland,2010,93.3649291992188,43237.0729488958,85.3080596923828,318041.0,72.0,7.564
Iceland,2011,93.4272308349609,47714.5922308485,92.890998840332,319014.0,55.0,7.028
Iceland,2012,92.4882659912109,45995.5478789467,92.890998840332,320716.0,55.0,6.0
Iceland,2013,92.4882659912109,49804.9829978371,94.3127975463867,323764.0,72.0,5.376
Iceland,2014,90.8653869628906,54576.7448146565,94.2857131958008,327386.0,93.0,4.897
Iceland,2015,90.9523773193359,52951.6815110898,94.7619018554688,330815.0,170.0,3.979
Iceland,2016,89.523811340332,61987.9263620283,95.7142868041992,335439.0,245.0,2.978
Iceland,2017,90.9523773193359,72010.1490316258,95.7142868041992,343400.0,361.0,2.742
Iceland,2018,93.3333358764648,74452.1890731447,97.6415100097656,352721.0,549.0,2.704
Iceland,2019,95.2380981445312,68452.23622306,99.5283050537109,360563.0,894.0,3.507
Iceland,2020,96.1904754638672,59023.5663465778,96.698112487793,366463.0,1460.0,5.478
Iceland,2021,96.1904754638672,69252.3112431448,96.2264175415039,372520.0,1830.0,6.029
Iceland,2022,95.2830200195312,75135.0916136358,95.2830200195312,382003.0,5240.0,3.789
Ireland,2010,95.2606658935547,48663.6004439251,84.8341217041016,4560155.0,9099.0,14.534
Ireland,2011,96.2441329956055,52219.7057327581,77.7251205444336,4580084.0,8234.0,15.354
Ireland,2012,94.3661956787109,48943.8206459561,77.7251205444336,4599533.0,6309.0,15.451
Ireland,2013,94.8356781005859,51496.9616850661,75.3554534912109,4623816.0,5991.0,13.735
Ireland,2014,92.788459777832,55752.7649838131,87.1428604125977,4657740.0,5832.0,11.858
Ireland,2015,92.8571395874023,62179.2642662951,77.6190490722656,4701957.0,6108.0,9.908
Ireland,2016,89.0476226806641,62784.0656875694,73.3333358764648,4755335.0,5720.0,8.374
Ireland,2017,88.0952377319336,70150.7370157965,84.2857131958008,4807388.0,6394.0,6.713
Ireland,2018,88.5714263916016,79446.9391085469,85.8490600585938,4867316.0,6012.0,5.741
Ireland,2019,88.0952377319336,80848.3019020489,80.6603775024414,4934340.0,7795.0,4.95
Ireland,2020,89.523811340332,85973.0884875501,80.1886825561523,4985382.0,9035.0,5.623
Ireland,2021,90.476188659668,102001.798249145,75.9433975219727,5033164.0,9571.0,6.364
Ireland,2022,91.5094375610352,103983.29133582,78.301887512207,5127170.0,81256.0,4.501
Italy,2010,63.9810409545898,36035.6449950691,62.5592422485352,59277417.0,56402.0,8.363
Italy,2011,64.3192520141602,38649.6394836789,62.5592422485352,59379449.0,58066.0,8.359
Italy,2012,64.3192520141602,35051.5212697703,63.0331764221191,59539717.0,64782.0,10.655
Italy,2013,63.8497657775879,35560.0814062288,63.9810409545898,60233948.0,76248.0,12.149
Italy,2014,67.788459777832,35565.7213771496,60.476188659668,60789140.0,93712.0,12.683
Italy,2015,63.3333320617676,30242.3861352184,58.5714302062988,60730582.0,118036.0,11.896
Italy,2016,62.8571434020996,30960.7315088902,58.5714302062988,60627498.0,147362.0,11.688
Italy,2017,62.3809509277344,32406.7203150134,57.6190490722656,60536709.0,167330.0,11.211
Italy,2018,60.0,34622.1696664741,57.0754699707031,60421760.0,189227.0,10.61
Italy,2019,60.476188659668,33673.7509627421,58.9622650146484,59729081.0,207602.0,9.952
Italy,2020,57.6190490722656,31922.9191626183,58.0188674926758,59438851.0,128033.0,9.164
Italy,2021,58.0952377319336,36441.0598048734,63.6792449951172,59133173.0,144862.0,9.497
Italy,2022,58.4905662536621,35068.8359738449,60.3773574829102,58940425.0,296181.0,8.069
Kazakhstan,2010,29.3838863372803,9070.48825285747,63.9810409545898,16321872.0,4403.0,5.77
Kazakhstan,2011,30.9859161376953,11633.9985836418,36.0189590454102,16557202.0,613.0,5.39
Kazakhstan,2012,26.7605628967285,12386.6992652963,34.1232223510742,16792090.0,561.0,5.29
Kazakhstan,2013,29.577465057373,13890.6339694612,34.5971565246582,17035551.0,580.0,5.2
Kazakhstan,2014,32.211540222168,12807.2630452048,47.6190490722656,17288285.0,628.0,5.06
Kazakhstan,2015,36.1904754638672,10510.7703240885,43.8095245361328,17542806.0,701.0,4.93
Kazakhstan,2016,32.8571434020996,7714.84184376024,47.6190490722656,17794055.0,647.0,4.96
Kazakhstan,2017,32.8571434020996,9247.58067886159,47.1428565979004,18037776.0,602.0,4.9
Kazakhstan,2018,32.8571434020996,9812.62543137393,44.8113212585449,18276452.0,568.0,4.85
Kazakhstan,2019,32.8571434020996,9812.59552626324,41.5094337463379,18513673.0,518.0,4.8
Kazakhstan,2020,36.1904754638672,9121.63640904156,38.2075462341309,18755666.0,440.0,4.89
Kazakhstan,2021,33.3333320617676,10270.8873391027,38.2075462341309,19191356.0,352.0,
Kazakhstan,2022,34.9056587219238,11484.4168149009,29.2452831268311,19634983.0,308.0,4.86
Kyrgyz Republic,2010,8.53080558776855,880.038521818228,15.1658763885498,5447900.0,2462.0,6.007
Kyrgyz Republic,2011,10.7981224060059,1123.88314370665,15.1658763885498,5514600.0,6097.0,5.824
Kyrgyz Republic,2012,11.7370891571045,1177.97526115747,18.9573459625244,5607200.0,4940.0,4.67
Kyrgyz Republic,2013,13.1455402374268,1282.43824753314,18.4834117889404,5719600.0,468.0,4.296
Kyrgyz Republic,2014,16.8269233703613,1279.77078445418,19.5238094329834,5835500.0,484.0,4.051
Kyrgyz Republic,2015,13.3333330154419,1121.08269597662,18.0952377319336,5956900.0,349.0,3.364
Kyrgyz Republic,2016,14.2857141494751,1120.66705800127,23.3333339691162,6079500.0,334.0,3.249
Kyrgyz Republic,2017,17.1428565979004,1242.77022029305,31.9047622680664,6198200.0,334.0,2.655
Kyrgyz Republic,2018,18.0952377319336,1308.13978544561,28.7735843658447,6322800.0,329.0,3.67
Kyrgyz Republic,2019,19.0476188659668,1451.51563835807,37.7358474731445,6456200.0,347.0,4.295
Kyrgyz Republic,2020,17.619047164917,1256.92922601263,28.7735843658447,6579900.0,334.0,4.63
Kyrgyz Republic,2021,14.2857141494751,1365.50830399287,29.7169818878174,6773400.0,317.0,4.096
Kyrgyz Republic,2022,12.7358493804932,1739.79999970559,28.7735843658447,6974900.0,274.0,3.94
Latvia,2010,71.0900497436523,11420.9940032836,64.4549789428711,2097555.0,60.0,19.482
Latvia,2011,70.8920211791992,13338.9622350852,57.8199043273926,2059709.0,88.0,16.206
Latvia,2012,71.8309860229492,13847.3379393194,61.1374397277832,2034319.0,113.0,15.047
Latvia,2013,72.3004684448242,15007.4918561719,65.4028472900391,2012647.0,149.0,11.867
Latvia,2014,77.8846130371094,15742.3913381908,61.9047622680664,1993782.0,168.0,10.846
Latvia,2015,75.2380981445312,13786.4567953114,60.476188659668,1977527.0,193.0,9.873
Latvia,2016,79.0476226806641,14331.7515885049,61.9047622680664,1959537.0,340.0,9.643
Latvia,2017,78.5714263916016,15695.1151541059,62.8571434020996,1942248.0,653.0,8.715
Latvia,2018,78.5714263916016,17865.0310947642,59.9056587219238,1927174.0,664.0,7.412
Latvia,2019,80.0,17883.3494113217,59.9056587219238,1913822.0,665.0,6.312
Latvia,2020,79.523811340332,18096.2027073394,60.8490562438965,1900449.0,637.0,8.098
Latvia,2021,81.9047622680664,20930.3982374189,67.9245300292969,1884490.0,705.0,7.513
Latvia,2022,79.7169799804688,21508.4003332167,60.8490562438965,1879383.0,39055.0,6.815
Liechtenstein,2010,91.4691925048828,141466.827324144,99.5260696411133,35926.0,86.0,
Liechtenstein,2011,91.5492935180664,158603.608966707,99.052131652832,36189.0,88.0,
Liechtenstein,2012,91.0798110961914,149461.78557146,97.6303329467773,36505.0,103.0,
Liechtenstein,2013,91.5492935180664,173659.411799089,97.6303329467773,36806.0,96.0,
Liechtenstein,2014,92.3076934814453,179467.516166777,98.5714263916016,37096.0,102.0,
Liechtenstein,2015,91.4285736083984,167809.269874833,98.5714263916016,37355.0,146.0,
Liechtenstein,2016,92.8571395874023,165845.995200652,98.5714263916016,37609.0,161.0,
Liechtenstein,2017,92.3809509277344,170875.682067431,98.0952377319336,37889.0,164.0,
Liechtenstein,2018,92.3809509277344,175286.679024684,98.1132049560547,38181.0,166.0,
Liechtenstein,2019,92.8571395874023,167259.160311816,99.0566024780273,38482.0,125.0,
Liechtenstein,2020,95.2380981445312,165287.186766512,99.5283050537109,38756.0,129.0,
Liechtenstein,2021,95.7142868041992,197504.548936258,99.0566024780273,39039.0,133.0,
Liechtenstein,2022,96.2264175415039,187267.132380803,99.5283050537109,39327.0,524.0,
Lithuania,2010,72.9857788085938,11987.508411647,70.6161117553711,3097282.0,808.0,17.814
Lithuania,2011,72.3004684448242,14376.9478643932,68.7203826904297,3028115.0,824.0,15.39
Lithuania,2012,75.5868530273438,14367.709424872,72.511848449707,2987773.0,871.0,13.365
Lithuania,2013,73.2394332885742,15729.6524666512,80.568717956543,2957689.0,918.0,11.77
Lithuania,2014,78.8461532592773,16551.018202078,70.476188659668,2932367.0,1007.0,10.698
Lithuania,2015,80.476188659668,14263.9645773495,70.476188659668,2904910.0,1094.0,9.12
Lithuania,2016,81.9047622680664,15008.3132445526,72.8571395874023,2868231.0,1284.0,7.862
Lithuania,2017,80.0,16885.4073948373,72.3809509277344,2828403.0,1577.0,7.073
Lithuania,2018,78.0952377319336,19186.359591641,69.8113174438477,2801543.0,1731.0,6.147
Lithuania,2019,80.476188659668,19615.5491450175,72.1698150634766,2794137.0,1822.0,6.255
Lithuania,2020,80.9523773193359,20381.8557827478,78.7735824584961,2794885.0,1880.0,8.487
Lithuania,2021,82.8571395874023,23849.6156993566,73.5849075317383,2800839.0,1880.0,7.112
Lithuania,2022,83.0188674926758,25078.7453655669,68.8679275512695,2831639.0,67638.0,5.956
Luxembourg,2010,97.6303329467773,110885.991378721,99.052131652832,506953.0,3254.0,4.423
Luxembourg,2011,97.6525802612305,119025.057203467,96.2085342407227,518347.0,2855.0,5.122
Luxembourg,2012,96.2441329956055,112584.676270958,95.7345962524414,530946.0,2910.0,5.03
Luxembourg,2013,96.7136154174805,120000.140729859,95.2606658935547,543360.0,901.0,6.045
Luxembourg,2014,95.6730804443359,123678.702143275,97.6190490722656,556319.0,1091.0,6.044
Luxembourg,2015,96.6666641235352,105462.012584423,98.0952377319336,569604.0,1306.0,6.796
Luxembourg,2016,95.2380981445312,106899.293549552,98.0952377319336,582014.0,2020.0,6.669
Luxembourg,2017,95.2380981445312,110193.213797228,94.7619018554688,596336.0,2020.0,5.523
Luxembourg,2018,96.1904754638672,116786.511654677,95.7547149658203,607950.0,2020.0,5.589
Luxembourg,2019,96.1904754638672,112726.439672814,95.2830200195312,620001.0,2548.0,5.592
Luxembourg,2020,95.7142868041992,116905.370396853,93.3962249755859,630419.0,5158.0,6.766
Luxembourg,2021,96.6666641235352,133711.794435985,93.3962249755859,640064.0,6011.0,5.571
Luxembourg,2022,98.5849075317383,125006.021815486,86.7924499511719,653103.0,11952.0,4.588
Malta,2010,89.0995254516602,21798.9142935915,91.9431304931641,414508.0,6143.0,6.861
Malta,2011,87.3239440917969,23155.103527089,84.8341217041016,416268.0,6948.0,6.388
Malta,2012,87.7934265136719,22526.5370208632,87.2037887573242,420028.0,8242.0,6.203
Malta,2013,87.7934265136719,24769.5962287121,83.8862533569336,425967.0,9900.0,6.115
Malta,2014,86.0576934814453,26753.2733830814,90.476188659668,434558.0,6095.0,5.737
Malta,2015,82.8571395874023,24921.7141769982,87.1428604125977,445053.0,7068.0,5.389
Malta,2016,80.9523773193359,25623.9416320597,89.0476226806641,455356.0,7941.0,4.694
Malta,2017,84.2857131958008,28813.1853396512,93.3333358764648,467999.0,7994.0,4.008
Malta,2018,81.9047622680664,31785.8848300917,93.8679275512695,484630.0,8579.0,3.665
Malta,2019,79.0476226806641,31751.1811756369,83.0188674926758,504062.0,8908.0,3.627
Malta,2020,78.0952377319336,29592.5714840718,82.0754699707031,515332.0,9168.0,4.357
Malta,2021,77.1428604125977,34951.7081679971,77.8301849365234,518536.0,9335.0,3.403
Malta,2022,76.4150924682617,34563.3966270232,79.7169799804688,531113.0,11098.0,2.929
Moldova,2010,43.6018943786621,2436.79935102421,33.1753540039062,2862354.0,132.0,2.937
Moldova,2011,45.5399055480957,2941.36224066021,45.497631072998,2860699.0,131.0,2.648
Moldova,2012,46.0093879699707,3044.8084324815,46.9194297790527,2860324.0,176.0,2.151
Moldova,2013,43.1924896240234,3321.04397795719,45.971565246582,2859558.0,237.0,1.873
Moldova,2014,46.1538467407227,3289.95758568777,39.0476188659668,2857815.0,323.0,1.425
Moldova,2015,42.3809509277344,2749.55137054338,34.761905670166,2835978.0,434.0,1.742
Moldova,2016,32.3809509277344,2847.08794770479,34.761905670166,2803186.0,419.0,1.557
Moldova,2017,34.761905670166,3453.26727720294,33.3333320617676,2755189.0,391.0,1.586
Moldova,2018,36.1904754638672,4156.44981956646,31.1320762634277,2707203.0,409.0,1.196
Moldova,2019,36.1904754638672,4405.33418162155,31.1320762634277,2664224.0,417.0,1.466
Moldova,2020,32.3809509277344,4375.7788930524,34.9056587219238,2635130.0,405.0,1.186
Moldova,2021,40.476188659668,5274.60582195352,40.0943412780762,2595809.0,349.0,0.785
Moldova,2022,41.9811325073242,5715.28022054154,21.698112487793,2538894.0,105374.0,0.897
Monaco,2010,77.2511825561523,161780.745361248,82.4644546508789,33178.0,,
Monaco,2011,77.9342727661133,179369.268180394,82.4644546508789,33945.0,37.0,
Monaco,2012,77.4647903442383,165497.097810044,85.7819900512695,34700.0,37.0,
Monaco,2013,77.9342727661133,185055.517569114,86.2559204101562,35425.0,34.0,
Monaco,2014,,195772.724261668,84.7619018554688,36110.0,33.0,
Monaco,2015,90.0,170338.680381498,95.7142868041992,36760.0,32.0,
Monaco,2016,90.9523773193359,174412.494536127,94.7619018554688,37071.0,27.0,6.33
Monaco,2017,90.476188659668,173611.687859934,99.523811340332,37044.0,25.0,
Monaco,2018,90.9523773193359,193968.090133158,99.5283050537109,37029.0,25.0,
Monaco,2019,90.9523773193359,199382.838585354,98.5849075317383,37034.0,22.0,
Monaco,2020,89.0476226806641,182537.387370109,92.4528274536133,36922.0,22.0,
Monaco,2021,89.0476226806641,235132.784182144,92.9245300292969,36686.0,17.0,
Monaco,2022,90.5660400390625,240862.18244774,93.8679275512695,36469.0,17.0,
Montenegro,2010,52.6066360473633,6688.40259641346,65.4028472900391,619428.0,16363.0,19.649
Montenegro,2011,53.051643371582,7328.78943085498,63.9810409545898,620079.0,12871.0,19.759
Montenegro,2012,53.9906120300293,6586.39970256684,64.9289093017578,620601.0,11193.0,19.808
Montenegro,2013,53.9906120300293,7188.86361611271,64.4549789428711,621207.0,8471.0,19.585
Montenegro,2014,58.1730766296387,7387.87296917548,54.761905670166,621810.0,6455.0,18.054
Montenegro,2015,56.1904754638672,6517.19267514764,52.8571434020996,622159.0,1762.0,17.555
Montenegro,2016,50.0,7033.43962398373,55.7142868041992,622303.0,970.0,17.732
Montenegro,2017,51.4285697937012,7803.35824465203,42.8571434020996,622373.0,794.0,16.082
Montenegro,2018,54.2857131958008,8850.3749248372,49.5283012390137,622227.0,727.0,15.19
Montenegro,2019,52.8571434020996,8909.6538759126,50.0,622028.0,653.0,15.128
Montenegro,2020,52.8571434020996,7677.37132106817,46.2264137268066,621306.0,166.0,17.878
Montenegro,2021,51.4285697937012,9465.96153027794,46.2264137268066,619211.0,175.0,16.543
Montenegro,2022,48.5849075317383,10093.4387007266,43.3962249755859,617213.0,32438.0,14.852
Netherlands,2010,97.1563949584961,50999.7451168879,81.5165863037109,16615394.0,74948.0,4.991
Netherlands,2011,97.1830978393555,54230.3129029852,89.5734634399414,16693074.0,74587.0,4.977
Netherlands,2012,97.1830978393555,50070.1416045904,91.4691925048828,16754962.0,71893.0,5.821
Netherlands,2013,97.1830978393555,52198.8975607454,90.9952621459961,16804432.0,74700.0,7.241
Netherlands,2014,97.1153869628906,52900.537415323,86.1904754638672,16865008.0,82483.0,7.419
Netherlands,2015,97.1428604125977,45193.4032187971,78.5714263916016,16939923.0,88518.0,6.872
Netherlands,2016,97.1428604125977,46039.1059284098,77.6190490722656,17030314.0,101727.0,6.007
Netherlands,2017,95.7142868041992,48675.2223350213,78.5714263916016,17131296.0,103843.0,4.837
Netherlands,2018,95.7142868041992,53044.5324352253,75.4716949462891,17231624.0,101824.0,3.832
Netherlands,2019,95.7142868041992,52476.2732533327,75.4716949462891,17344874.0,94417.0,3.379
Netherlands,2020,94.7619018554688,52162.5701150406,73.5849075317383,17441500.0,95897.0,3.82
Netherlands,2021,94.7619018554688,58727.8705471475,78.301887512207,17533044.0,99585.0,4.209
Netherlands,2022,93.3962249755859,57025.01245598,70.7547149658203,17700982.0,237368.0,3.526
North Macedonia,2010,45.497631072998,4833.36586759968,27.014217376709,1946298.0,1397.0,33.135
North Macedonia,2011,47.8873252868652,5416.86672931659,27.488151550293,1937398.0,1129.0,31.502
North Macedonia,2012,47.8873252868652,5049.8265386157,30.8056869506836,1929821.0,1076.0,31.096
North Macedonia,2013,48.3568077087402,5626.26115664893,33.1753540039062,1922716.0,980.0,29.017
North Macedonia,2014,57.211540222168,5925.38592218015,56.6666679382324,1917557.0,880.0,28.215
North Macedonia,2015,47.1428565979004,5262.68671928674,35.7142868041992,1912430.0,697.0,26.395
North Macedonia,2016,39.523811340332,5598.48622617967,32.8571434020996,1906313.0,634.0,24.312
North Macedonia,2017,42.3809509277344,5955.2973863451,36.6666679382324,1898657.0,414.0,22.857
North Macedonia,2018,42.3809509277344,6713.98925398989,38.6792449951172,1889051.0,413.0,21.208
North Macedonia,2019,44.2857131958008,6718.85826635458,47.6415100097656,1876262.0,354.0,17.414
North Macedonia,2020,50.476188659668,6659.59651070776,50.9433975219727,1856124.0,303.0,16.575
North Macedonia,2021,50.9523811340332,7620.80296977508,49.5283012390137,1837114.0,292.0,15.801
North Macedonia,2022,50.4716987609863,7485.6034579418,51.886791229248,1831712.0,7065.0,14.477
Norway,2010,98.5782012939453,88163.2085931423,95.2606658935547,4889252.0,40245.0,3.527
Norway,2011,98.1220626831055,101221.813476644,97.1563949584961,4953088.0,40671.0,3.196
Norway,2012,100.0,102175.919298374,95.2606658935547,5018573.0,42805.0,3.129
Norway,2013,100.0,103553.840134417,95.7345962524414,5079623.0,46088.0,3.425
Norway,2014,99.038459777832,97666.6951838749,89.523811340332,5137232.0,47025.0,3.486
Norway,2015,98.5714263916016,74809.9658049898,90.476188659668,5188607.0,50377.0,4.296
Norway,2016,99.523811340332,70867.3609970749,92.3809509277344,5234519.0,59512.0,4.68
Norway,2017,99.523811340332,76131.8384032764,89.0476226806641,5276968.0,59230.0,4.164
Norway,2018,99.523811340332,82792.8427113304,89.6226425170898,5311916.0,57004.0,3.801
Norway,2019,99.523811340332,76430.5889473338,90.0943374633789,5347896.0,53882.0,3.684
Norway,2020,99.523811340332,68340.0181033702,94.3396224975586,5379475.0,49653.0,4.424
Norway,2021,99.523811340332,93072.8925119571,88.6792449951172,5408320.0,46042.0,4.359
Norway,2022,98.1132049560547,108798.451165901,76.4150924682617,5457127.0,75311.0,3.231
Poland,2010,68.7203826904297,12504.2501856093,84.3601913452148,38042794.0,15537.0,9.578
Poland,2011,72.7699508666992,13776.3883624327,85.7819900512695,38063255.0,15834.0,9.576
Poland,2012,73.2394332885742,13010.7555868425,86.2559204101562,38063164.0,15897.0,10.031
Poland,2013,74.1784057617188,13558.3411314221,81.5165863037109,38040196.0,16428.0,10.293
Poland,2014,78.3653869628906,14181.9486817352,76.1904754638672,38011735.0,15730.0,8.971
Poland,2015,76.1904754638672,12560.051419682,74.7619018554688,37986412.0,14057.0,7.475
Poland,2016,71.4285736083984,12378.8128106111,63.3333320617676,37970087.0,11738.0,6.141
Poland,2017,64.2857131958008,13815.501164767,64.2857131958008,37974826.0,12225.0,4.867
Poland,2018,64.2857131958008,15504.5075062692,62.7358474731445,37974750.0,12495.0,3.835
Poland,2019,63.3333320617676,15700.0135796738,65.5660400390625,37965475.0,12658.0,3.267
Poland,2020,67.6190490722656,15816.819050319,62.2641525268555,37899070.0,2771.0,3.155
Poland,2021,64.2857131958008,18050.2778862996,61.3207550048828,37747124.0,4875.0,3.268
Poland,2022,64.1509399414062,18732.4977273198,61.7924537658691,36821749.0,971129.0,2.811
Portugal,2010,82.9383850097656,22520.6423124045,71.0900497436523,10573100.0,368.0,10.771
Portugal,2011,80.2816925048828,23217.2954965207,69.6682434082031,10557560.0,399.0,12.682
Portugal,2012,82.6291046142578,20563.7136012629,70.6161117553711,10514844.0,473.0,15.531
Portugal,2013,83.0985946655273,21653.1959752225,68.7203826904297,10457295.0,596.0,16.188
Portugal,2014,84.1346130371094,22103.7009703321,74.2857131958008,10401062.0,704.0,13.897
Portugal,2015,82.3809509277344,19250.1065376852,78.0952377319336,10358076.0,851.0,12.447
Portugal,2016,82.8571395874023,19991.9724878805,79.523811340332,10325452.0,1189.0,11.068
Portugal,2017,83.3333358764648,21490.429863104,88.5714263916016,10300300.0,1619.0,8.869
Portugal,2018,84.2857131958008,23562.5545228191,89.1509399414062,10283822.0,2130.0,6.994
Portugal,2019,83.8095245361328,23330.817288932,87.2641525268555,10286263.0,2375.0,6.464
Portugal,2020,85.2380981445312,22242.406417972,83.4905624389648,10297081.0,2405.0,6.801
Portugal,2021,84.2857131958008,24661.1664874576,81.1320724487305,10361831.0,2651.0,6.577
Portugal,2022,83.9622650146484,24515.2657495716,74.5283050537109,10409704.0,59777.0,6.011
Romania,2010,58.2938385009766,8397.80917311457,54.028434753418,20246871.0,1019.0,6.959
Romania,2011,57.7464790344238,9560.15942530942,53.554500579834,20147528.0,1003.0,7.177
Romania,2012,57.7464790344238,8930.72991164974,48.8151664733887,20058035.0,1263.0,6.794
Romania,2013,58.6854476928711,9497.20647561211,54.028434753418,19983693.0,1747.0,7.096
Romania,2014,64.9038467407227,10031.3421526698,48.5714302062988,19908979.0,2171.0,6.802
Romania,2015,61.4285697937012,8976.9544892648,54.2857131958008,19815616.0,2581.0,6.812
Romania,2016,67.1428604125977,9404.38125929526,55.238094329834,19702267.0,2880.0,5.901
Romania,2017,67.1428604125977,10727.9708633184,48.5714302062988,19588715.0,3911.0,4.927
Romania,2018,63.3333320617676,12494.4235789649,49.0566024780273,19473970.0,4134.0,4.187
Romania,2019,63.8095245361328,12957.9991142218,63.6792449951172,19371648.0,3860.0,3.912
Romania,2020,62.8571434020996,13047.4566563993,62.7358474731445,19265250.0,3581.0,5.035
Romania,2021,62.3809509277344,14946.624968678,64.1509399414062,19122059.0,4200.0,5.59
Romania,2022,62.2641525268555,15692.3071700143,58.9622650146484,19047009.0,105621.0,5.614
Russian Federation,2010,26.5402851104736,10674.990234375,18.4834117889404,142849468.0,4924.0,7.407
Russian Federation,2011,26.7605628967285,14305.33203125,17.0616111755371,143018195.0,3913.0,6.571
Russian Federation,2012,22.5352115631104,15401.8515625,20.8530807495117,143378447.0,3164.0,5.484
Russian Federation,2013,23.0046939849854,15941.4482421875,22.274881362915,143805638.0,3450.0,5.513
Russian Federation,2014,25.0,14055.47265625,14.7619047164917,144237223.0,235732.0,5.212
Russian Federation,2015,22.8571434020996,9277.7138671875,13.8095235824585,144640716.0,314498.0,5.615
Russian Federation,2016,19.0476188659668,8663.158203125,15.2380952835083,145015460.0,228981.0,5.591
Russian Federation,2017,20.9523811340332,10658.9130859375,24.2857151031494,145293260.0,126021.0,5.238
Russian Federation,2018,20.9523811340332,11211.8876953125,27.3584899902344,145398106.0,77382.0,4.871
Russian Federation,2019,23.8095245361328,11447.701171875,25.943395614624,145453291.0,42413.0,4.513
Russian Federation,2020,21.9047622680664,10108.3271484375,22.6415100097656,145245148.0,20260.0,5.62
Russian Federation,2021,20.0,12521.5224609375,21.698112487793,144746762.0,10901.0,4.749
Russian Federation,2022,12.2641506195068,15445.2421875,14.1509437561035,144236933.0,1277672.0,3.867
San Marino,2010,77.2511825561523,59516.3233988223,98.5782012939453,31608.0,,4.37
San Marino,2011,77.9342727661133,55815.2852611454,84.3601913452148,32495.0,,5.06
San Marino,2012,77.4647903442383,48433.5702995685,85.3080596923828,33132.0,,5.19
San Marino,2013,77.9342727661133,50435.3673298211,85.7819900512695,33285.0,,6.08
San Marino,2014,,50133.6065243359,82.8571395874023,33389.0,,6.61
San Marino,2015,90.0,42281.8112549264,97.6190490722656,33570.0,,7.38
San Marino,2016,90.9523773193359,43398.4285257227,97.1428604125977,33834.0,,6.45
San Marino,2017,90.476188659668,44885.517837773,97.1428604125977,34056.0,,7.89
San Marino,2018,90.9523773193359,48464.5246477919,97.1698150634766,34156.0,,7.83
San Marino,2019,90.9523773193359,47287.3983948633,93.3962249755859,34178.0,,7.54
San Marino,2020,92.8571395874023,45321.4892226161,92.4528274536133,34007.0,,7.23
San Marino,2021,93.3333358764648,54982.451714817,92.9245300292969,33745.0,,6.34
San Marino,2022,97.1698150634766,,93.8679275512695,33660.0,,4.91
Serbia,2010,41.2322273254395,5735.42285659849,31.2796211242676,7291436.0,73604.0,19.204
Serbia,2011,46.0093879699707,6809.15980400146,36.9668235778809,7234099.0,70702.0,22.959
Serbia,2012,45.0704231262207,6015.94522756969,38.8625602722168,7199077.0,66367.0,24.0
Serbia,2013,46.0093879699707,6755.07367461629,43.1279602050781,7164132.0,57079.0,22.154
Serbia,2014,53.8461532592773,6600.05621129155,53.3333320617676,7130576.0,43749.0,19.223
Serbia,2015,54.761905670166,5588.9794435877,55.238094329834,7095383.0,35326.0,17.66
Serbia,2016,50.476188659668,5765.20335248009,50.476188659668,7058322.0,36517.0,15.257
Serbia,2017,47.6190490722656,6292.5465490011,50.476188659668,7020858.0,32205.0,13.477
Serbia,2018,49.0476188659668,7252.40366767165,46.698112487793,6982604.0,30944.0,12.733
Serbia,2019,49.523811340332,7417.20660836868,44.3396224975586,6945235.0,26427.0,10.395
Serbia,2020,50.0,7733.80346893763,41.9811325073242,6899126.0,26085.0,9.011
Serbia,2021,49.0476188659668,9232.95770463789,45.2830200195312,6834326.0,25644.0,9.843
Serbia,2022,49.0566024780273,9537.68431879504,41.9811325073242,6664449.0,26521.0,8.439
Slovak Republic,2010,66.3507080078125,16908.8479564876,86.7298583984375,5391428.0,451.0,14.387
Slovak Republic,2011,67.1361465454102,18509.7402157541,81.0426559448242,5398384.0,535.0,13.634
Slovak Republic,2012,64.7887344360352,17498.3539002594,88.1516571044922,5407579.0,650.0,13.966
Slovak Republic,2013,64.3192520141602,18276.0095516546,89.0995254516602,5413393.0,691.0,14.227
Slovak Republic,2014,69.2307662963867,18719.9881409371,85.7142868041992,5418649.0,791.0,11.537
Slovak Republic,2015,67.6190490722656,16390.8821748507,75.2380981445312,5423801.0,816.0,11.492
Slovak Republic,2016,71.9047622680664,16563.4404971229,70.476188659668,5430798.0,980.0,9.679
Slovak Republic,2017,68.5714263916016,17585.197002257,78.0952377319336,5439232.0,912.0,8.142
Slovak Republic,2018,68.5714263916016,19486.3936845505,70.2830200195312,5446771.0,938.0,6.544
Slovak Republic,2019,69.0476226806641,19381.8905468746,68.8679275512695,5454147.0,965.0,5.761
Slovak Republic,2020,73.8095245361328,19553.2609613643,67.4528274536133,5458827.0,1006.0,6.719
Slovak Republic,2021,72.8571395874023,21765.722502093,65.5660400390625,5447247.0,1046.0,6.894
Slovak Republic,2022,69.8113174438477,21279.4589247729,59.4339637756348,5431752.0,96563.0,6.143
Slovenia,2010,81.5165863037109,23532.4808545468,77.2511825561523,2048583.0,315.0,7.236
Slovenia,2011,82.6291046142578,25128.0150431304,80.568717956543,2052843.0,134.0,8.166
Slovenia,2012,80.7511749267578,22641.805122503,77.2511825561523,2057159.0,169.0,8.841
Slovenia,2013,81.2206573486328,23503.2824850255,74.407585144043,2059953.0,202.0,10.103
Slovenia,2014,80.7692337036133,24247.1733184083,79.523811340332,2061980.0,251.0,9.668
Slovenia,2015,80.0,20890.1664304173,80.0,2063531.0,284.0,8.962
Slovenia,2016,84.2857131958008,21678.3594670629,83.8095245361328,2065042.0,454.0,8.0
Slovenia,2017,81.4285736083984,23514.0254604147,76.6666641235352,2066388.0,611.0,6.565
Slovenia,2018,82.3809509277344,26123.7471277911,78.301887512207,2073894.0,746.0,5.108
Slovenia,2019,82.8571395874023,26042.4463468032,74.5283050537109,2088385.0,741.0,4.446
Slovenia,2020,83.3333358764648,25558.4290544506,69.8113174438477,2102419.0,823.0,4.971
Slovenia,2021,82.3809509277344,29331.0647010043,71.2264175415039,2108079.0,839.0,4.744
Slovenia,2022,82.5471725463867,28439.3340989687,70.2830200195312,2111986.0,8705.0,4.011
Spain,2010,85.7819900512695,30532.4805081656,33.6492881774902,46576897.0,3814.0,19.86
Spain,2011,85.4460067749023,31677.9003083652,48.3412322998047,46742697.0,4220.0,21.391
Spain,2012,83.0985946655273,28322.9465923276,42.6540298461914,46773055.0,4502.0,24.789
Spain,2013,82.1596221923828,29077.1820557563,46.9194297790527,46620045.0,4641.0,26.094
Spain,2014,80.288459777832,29513.6511800405,55.238094329834,46480882.0,5797.0,24.441
Spain,2015,78.0952377319336,25754.36102944,55.7142868041992,46444832.0,6447.0,22.057
Spain,2016,80.476188659668,26537.1594894542,60.0,46484062.0,12983.0,19.635
Spain,2017,81.9047622680664,28185.3213671969,57.1428565979004,46593236.0,17541.0,17.224
Spain,2018,80.476188659668,30379.7211126422,56.6037750244141,46797754.0,20437.0,15.255
Spain,2019,80.9523773193359,29581.5185513299,58.0188674926758,47134837.0,57751.0,14.105
Spain,2020,76.6666641235352,26984.2962770279,58.9622650146484,47365655.0,103624.0,15.532
Spain,2021,78.0952377319336,30488.8209528797,61.7924537658691,47415794.0,122539.0,14.781
Spain,2022,77.8301849365234,29674.5442864413,55.1886787414551,47778340.0,314490.0,12.917
Sweden,2010,99.5260696411133,52869.0442891587,87.6777267456055,9378126.0,82620.0,8.61
Sweden,2011,99.06103515625,60755.7595508465,92.4170608520508,9449213.0,86603.0,7.804
Sweden,2012,99.06103515625,58037.8213192173,90.0473937988281,9519374.0,92869.0,7.976
Sweden,2013,99.06103515625,61126.9431963979,90.0473937988281,9600379.0,114172.0,8.052
Sweden,2014,97.5961532592773,60020.3604576572,88.0952377319336,9696110.0,142197.0,7.954
Sweden,2015,99.0476226806641,51545.4836095322,79.523811340332,9799186.0,169516.0,7.432
Sweden,2016,99.0476226806641,51965.1571531985,87.1428604125977,9923085.0,230158.0,6.99
Sweden,2017,98.0952377319336,53791.5087298403,80.476188659668,10057698.0,240954.0,6.718
Sweden,2018,97.1428604125977,54589.0603860606,79.2452850341797,10175214.0,248210.0,6.365
Sweden,2019,96.6666641235352,51939.4297445291,82.5471725463867,10278887.0,253787.0,6.833
Sweden,2020,96.6666641235352,52837.9039778149,81.6037750244141,10353442.0,248372.0,8.291
Sweden,2021,95.2380981445312,61417.6808766469,84.4339599609375,10415811.0,240854.0,8.722
Sweden,2022,93.8679275512695,56299.5057328064,79.2452850341797,10486941.0,277726.0,7.392
Switzerland,2010,94.3127975463867,76531.3729407691,92.4170608520508,7824909.0,48813.0,4.808
Switzerland,2011,93.8967132568359,90476.7589651577,94.3127975463867,7912398.0,50401.0,4.409
Switzerland,2012,96.7136154174805,85836.2076767359,98.5782012939453,7996861.0,50733.0,4.491
Switzerland,2013,96.2441329956055,87304.3305813557,98.1042633056641,8089346.0,52448.0,4.747
Switzerland,2014,98.0769195556641,88724.9909402638,98.0952377319336,8188649.0,62596.0,4.826
Switzerland,2015,97.6190490722656,83806.4476003837,96.1904754638672,8282396.0,73326.0,4.801
Switzerland,2016,98.0952377319336,82153.0745447889,94.2857131958008,8373338.0,82668.0,4.918
Switzerland,2017,99.0476226806641,82254.3769269767,93.8095245361328,8451840.0,93030.0,4.797
Switzerland,2018,99.0476226806641,85217.3691512274,94.8113174438477,8514329.0,104011.0,4.713
Switzerland,2019,99.0476226806641,84121.9310304414,94.3396224975586,8575280.0,110162.0,4.394
Switzerland,2020,97.6190490722656,85897.7843338323,91.5094375610352,8638167.0,115798.0,4.817
Switzerland,2021,97.6190490722656,93446.4344518943,89.6226425170898,8704546.0,118829.0,5.013
Switzerland,2022,97.6415100097656,93259.9057183024,91.9811325073242,8775760.0,182474.0,4.122
Tajikistan,2010,9.95260620117188,740.276134899351,15.6398105621338,7621779.0,3131.0,
Tajikistan,2011,9.85915470123291,837.881555757687,16.5876770019531,7784819.0,3322.0,
Tajikistan,2012,9.38967132568359,959.360284998425,12.3222751617432,7956382.0,2248.0,
Tajikistan,2013,8.45070457458496,1038.32078940175,13.2701425552368,8136610.0,2050.0,
Tajikistan,2014,13.4615383148193,1094.43005016466,23.3333339691162,8326348.0,2027.0,
Tajikistan,2015,12.380952835083,970.362547188452,18.5714282989502,8524063.0,1963.0,
Tajikistan,2016,10.4761905670166,801.39383995978,20.0,8725318.0,2724.0,
Tajikistan,2017,7.61904764175415,844.365216932115,22.8571434020996,8925525.0,2521.0,
Tajikistan,2018,7.61904764175415,850.666927193168,19.8113212585449,9128132.0,2654.0,
Tajikistan,2019,8.5714282989502,889.023340713117,26.4150943756104,9337003.0,3788.0,
Tajikistan,2020,9.0476188659668,852.330202064927,26.8867931365967,9543207.0,5578.0,
Tajikistan,2021,10.4761905670166,916.691967061922,23.5849056243896,9750064.0,10724.0,
Tajikistan,2022,10.8490562438965,1076.43469114729,18.8679237365723,9952787.0,8608.0,
Turkiye,2010,54.9763031005859,10622.7020439723,18.9573459625244,73142150.0,10025.0,11.879
Turkiye,2011,55.8685455322266,11300.7852215681,18.4834117889404,74223629.0,14457.0,9.789
Turkiye,2012,54.4600944519043,11713.2849831139,12.7962083816528,75175827.0,267063.0,9.21
Turkiye,2013,54.4600944519043,12578.1878632,10.9004735946655,76147624.0,609931.0,9.713
Turkiye,2014,54.8076934814453,12165.220135038,11.9047622680664,77181884.0,1587365.0,9.901
Turkiye,2015,47.6190490722656,11049.9951100942,9.0476188659668,78218479.0,2541348.0,10.304
Turkiye,2016,40.0,10970.0458948862,4.7619047164917,79277962.0,2869419.0,10.899
Turkiye,2017,41.4285697937012,10695.550196231,7.14285707473755,80312698.0,3480350.0,10.919
Turkiye,2018,38.0952377319336,9568.83618958168,10.3773584365845,81407204.0,3681688.0,10.956
Turkiye,2019,40.9523811340332,9215.44087472889,9.90566062927246,82579440.0,3579531.0,13.73
Turkiye,2020,37.6190490722656,8638.73913259299,12.7358493804932,83384680.0,3652362.0,13.148
Turkiye,2021,35.7142868041992,9743.21313092428,11.7924528121948,84147318.0,3759817.0,11.969
Turkiye,2022,37.2641525268555,10674.5041731531,13.6792449951172,84979913.0,3568259.0,10.465
Turkmenistan,2010,4.26540279388428,4286.88050515414,55.4502372741699,5267970.0,64.0,4.0
Turkmenistan,2011,4.6948356628418,5453.15500459414,54.9763031005859,5360811.0,59.0,
Turkmenistan,2012,5.63380289077759,6441.88661774322,60.1895751953125,5458682.0,46.0,
Turkmenistan,2013,6.57277011871338,7049.79750519535,55.9241714477539,5560095.0,45.0,
Turkmenistan,2014,6.25,7685.50985852327,49.0476188659668,5663152.0,34.0,
Turkmenistan,2015,5.2380952835083,6208.2966545016,43.3333320617676,5766431.0,25.0,
Turkmenistan,2016,6.1904764175415,6163.25340597611,38.5714302062988,5868561.0,26.0,
Turkmenistan,2017,5.7142858505249,6354.53282979422,40.0,5968383.0,22.0,
Turkmenistan,2018,6.1904764175415,6721.34954037245,45.7547187805176,6065066.0,21.0,
Turkmenistan,2019,6.1904764175415,7344.88020350303,40.5660362243652,6158420.0,21.0,
Turkmenistan,2020,6.1904764175415,7330.36628793054,41.0377349853516,6250438.0,20.0,
Turkmenistan,2021,6.66666650772095,7885.29989591824,34.9056587219238,6341855.0,16.0,
Turkmenistan,2022,6.13207530975342,8792.5485039672,43.8679237365723,6430770.0,14.0,
Ukraine,2010,23.6966819763184,3078.41479492188,45.497631072998,45870741.0,3016.0,8.1
Ukraine,2011,23.0046939849854,3704.84228515625,43.6018943786621,45706086.0,3168.0,7.851
Ukraine,2012,24.4131450653076,4004.78979492188,41.7061614990234,45593342.0,2790.0,7.529
Ukraine,2013,22.5352115631104,4187.73974609375,20.8530807495117,45489648.0,2956.0,7.17
Ukraine,2014,20.6730766296387,3104.65380859375,5.7142858505249,45272155.0,3206.0,9.27
Ukraine,2015,20.0,2124.66259765625,5.2380952835083,45167350.0,3261.0,9.14
Ukraine,2016,20.0,2187.7275390625,6.66666650772095,45038236.0,3292.0,9.35
Ukraine,2017,23.3333339691162,2638.32543945313,6.66666650772095,44880758.0,3241.0,9.5
Ukraine,2018,23.8095245361328,3096.5625,5.66037750244141,44690584.0,2606.0,8.799
Ukraine,2019,24.761905670166,3661.45776367188,8.96226406097412,44474512.0,2166.0,8.194
Ukraine,2020,24.761905670166,3751.7373046875,12.2641506195068,44207754.0,2249.0,9.475
Ukraine,2021,25.7142848968506,4827.845703125,12.7358493804932,43848986.0,2382.0,9.834
Ukraine,2022,18.8679237365723,4575.97509765625,6.13207530975342,38000000.0,2520.0,
United Kingdom,2010,95.7345962524414,39598.957119545,60.1895751953125,62766365.0,238133.0,7.973
United Kingdom,2011,92.4882659912109,42109.6418795749,58.7677726745605,63258810.0,193494.0,8.195
United Kingdom,2012,94.8356781005859,42497.3404974322,59.7156410217285,63700215.0,149790.0,8.279
United Kingdom,2013,93.8967132568359,43426.2981405143,63.0331764221191,64128273.0,126036.0,7.752
United Kingdom,2014,94.711540222168,47439.6165895125,59.523811340332,64602298.0,117226.0,6.398
United Kingdom,2015,93.8095245361328,44964.3911437292,61.4285697937012,65116219.0,123051.0,5.552
United Kingdom,2016,92.3809509277344,40985.2351382417,58.0952377319336,65611593.0,118973.0,4.909
United Kingdom,2017,92.8571395874023,40572.1214823783,60.476188659668,66058859.0,121821.0,4.501
United Kingdom,2018,91.9047622680664,43203.8141057739,50.4716987609863,66460344.0,126708.0,4.145
United Kingdom,2019,91.9047622680664,42662.5353740311,62.2641525268555,66836327.0,133083.0,3.657
United Kingdom,2020,90.0,40217.0090116986,61.3207550048828,67081234.0,132304.0,4.518
United Kingdom,2021,89.523811340332,46869.759058411,60.8490562438965,67026292.0,137078.0,4.865
United Kingdom,2022,89.1509399414062,45564.1569448013,63.6792449951172,67791000.0,328989.0,3.768
Uzbekistan,2010,4.7393364906311,1742.34925645077,23.6966819763184,28562400.0,309.0,5.36
Uzbekistan,2011,3.28638505935669,2051.12951516418,28.4360198974609,29339400.0,216.0,4.96
Uzbekistan,2012,7.98122072219849,2267.62327535512,29.8578205108643,29774500.0,178.0,4.87
Uzbekistan,2013,9.85915470123291,2419.71874387996,27.014217376709,30243200.0,143.0,4.86
Uzbekistan,2014,10.0961542129517,2628.46005421254,36.6666679382324,30757700.0,123.0,5.09
Uzbekistan,2015,10.9523811340332,2753.97105825798,33.3333320617676,31298900.0,106.0,5.15
Uzbekistan,2016,11.9047622680664,2704.6771888938,36.1904754638672,31847900.0,26.0,5.16
Uzbekistan,2017,10.9523811340332,1916.76462520814,37.6190490722656,32388600.0,20.0,5.83
Uzbekistan,2018,12.8571424484253,1604.25864148592,35.8490562438965,32956100.0,13.0,9.35
Uzbekistan,2019,13.3333330154419,1795.20176845657,34.9056587219238,33580350.0,13.0,8.98
Uzbekistan,2020,12.8571424484253,1759.30747053678,32.0754699707031,34232050.0,13.0,5.293
Uzbekistan,2021,18.5714282989502,1993.42447787206,37.7358474731445,34915100.0,13032.0,
Uzbekistan,2022,21.698112487793,2276.16123306477,40.0943412780762,35648100.0,13026.0,
